{
  "train_loss": [
    0.3470351808091514,
    0.1363624326693706,
    0.05875793494220473,
    0.03837619320704387,
    0.030893524169412434,
    0.02853095119134483,
    0.026267173294073496,
    0.025607483095338203,
    0.02490491983600152,
    0.024356442670791578
  ],
  "val_loss": [
    0.22759919365247092,
    0.1133630598584811,
    0.07559254517157872,
    0.05961816410223643,
    0.05274967054526011,
    0.05006329491734505,
    0.04953191503882408,
    0.049429887036482496,
    0.04843097577492396,
    0.04812176177899043
  ]
}