{
  "train_loss": [
    0.09853855687482603,
    0.017377258631689794,
    0.008838166514861173,
    0.006598437333415295,
    0.004723497184699979
  ],
  "val_loss": [
    0.04725986619790395,
    0.021604925890763602,
    0.01910701331992944,
    0.01991267018020153,
    0.020172054196397463
  ]
}